created_at,text,retweet_count,favorite_count,hashtags,mentions,latitude,longitude,source-url,url
2023-05-19 17:09:09+00:00,"Really good news: Renewables now account for about one third of electricity generation globally, and the share is increasing. https://t.co/U3zsdUjbUm",534,2610,[],[],,,https://mobile.twitter.com,https://t.co/U3zsdUjbUm
2023-05-18 15:57:46+00:00,"RT @gatesfoundation: Still today, your zip code, access to care, and color of your skin can determine whether or not you and your baby surv‚Ä¶",141,0,[],['gatesfoundation'],,,https://mobile.twitter.com,
2023-05-16 17:37:07+00:00,"I often say Richard Feynman is the best teacher I never had. If you haven‚Äôt already, check out his work. Beyond his immense talent as an educator,  he‚Äôs also quite the character. https://t.co/jC6iP7uaKT",507,3074,[],[],,,https://mobile.twitter.com,https://t.co/jC6iP7uaKT
2023-05-15 14:11:18+00:00,My message to the class of 2023. https://t.co/Zduz6ldbN5,342,1915,[],[],,,https://mobile.twitter.com,https://t.co/Zduz6ldbN5
2023-05-12 14:35:15+00:00,"Ric was employee number 2 at Microsoft and a dear friend. He was also a tireless philanthropist, an advocate for LGBTQ+ rights and HIV/AIDS research, and an inspiration to me and so many others. His story is worth a watch: https://t.co/ASS0hp3Eug",219,1356,[],[],,,https://mobile.twitter.com,https://t.co/ASS0hp3Eug
2023-05-11 20:43:09+00:00,RT @AlzData: Applications are now open for the William H. Gates Sr. Fellowship from the AD Data Initiative! The two-year fellowship will su‚Ä¶,121,0,[],['AlzData'],,,https://mobile.twitter.com,
2023-05-11 20:42:23+00:00,Building a clean energy future will require a lot of new wires‚Äîthe U.S. will need to grow the grid by almost two-thirds its current size in the next decade. https://t.co/XFkonneN3X,288,1483,[],[],,,https://mobile.twitter.com,https://t.co/XFkonneN3X
2023-05-11 18:03:28+00:00,"It‚Äôs possible to build nuclear reactors without enormous costs‚Äîto our environment, our economy, or our health. This article details how it can be done to increase clean energy infrastructure. https://t.co/r01GHEg4Iq",331,1866,[],[],,,https://mobile.twitter.com,https://t.co/r01GHEg4Iq
2023-05-10 19:20:56+00:00,"I had the best day in Kemmerer, Wyoming. Over a coal plant tour, a site visit of the future Natrium plant, burgers, ice cream, and coffee, I got excited about the clean energy transition and the promise of next-generation nuclear: https://t.co/V8RO00hXKU https://t.co/kOInWbsJBE",237,2123,[],[],,,https://mobile.twitter.com,https://t.co/V8RO00hXKU
2023-05-10 16:08:01+00:00,Expanding access to single-dose HPV vaccines could save 45 million lives worldwide over the next 100 years. This is a great example of why I‚Äôm optimistic about the future of global health. https://t.co/DjaMRXOQle,219,1305,[],[],,,https://mobile.twitter.com,https://t.co/DjaMRXOQle
2023-05-09 20:21:20+00:00,"I‚Äôm very encouraged by the E-MOTIVE Trial results released today at #IMNHC2023 to treat postpartum hemorrhage, the #1 cause of maternal mortality. This new approach led by @unibirmingham and @WHO could drastically improve women‚Äôs chances of surviving childbirth globally.‚Ä¶ https://t.co/HP7fclWQV8",284,1309,['IMNHC2023'],"['unibirmingham', 'WHO']",,,https://mobile.twitter.com,https://t.co/HP7fclWQV8
2023-05-09 19:27:59+00:00,"By prioritizing accessibility, affordability, and economic mobility, @NAU is redefining‚Äîand increasing‚Äîthe value of a college degree. I can‚Äôt wait to visit the school this weekend and see the incredible work they‚Äôre doing up close. 
https://t.co/LwkO0KQUwl",184,1087,[],['NAU'],,,https://mobile.twitter.com,https://t.co/LwkO0KQUwl
2023-05-08 19:36:41+00:00,"Eradicating smallpox was hard, but it was also one of the most important achievements in human history. That makes it worth celebrating‚Äîand learning from. https://t.co/OeblsUug3w",241,1935,[],[],,,https://mobile.twitter.com,https://t.co/OeblsUug3w
2023-05-08 18:22:53+00:00,"Nuclear energy, if we do it right, will help us solve our climate goals. Thanks for the great conversation, @rebeccajarvis. https://t.co/IoGM8qKcoO",442,2932,[],['RebeccaJarvis'],,,https://mobile.twitter.com,https://t.co/IoGM8qKcoO
2023-05-07 20:02:22+00:00,"Aside from water, there‚Äôs no material on Earth we use more than concrete. That‚Äôs why it‚Äôs so important to figure out how to decarbonize it. https://t.co/49PLdExMU3",369,2569,[],[],,,https://mobile.twitter.com,https://t.co/49PLdExMU3
2023-05-05 17:56:12+00:00,"This next-generation nuclear facility will be a win for the local economy, America‚Äôs energy independence, and the fight against climate change. https://t.co/u9P7uB64vQ",422,2349,[],[],,,https://mobile.twitter.com,https://t.co/u9P7uB64vQ
2023-05-05 16:24:08+00:00,"On International Day of the Midwife, I‚Äôm thinking about Eva Nangalo‚Äîa tireless advocate for mothers and babies and the next generation of trained #midwives in Uganda. #IDM2023 https://t.co/9JoyZceamm",173,1329,"['midwives', 'IDM2023']",[],,,https://mobile.twitter.com,https://t.co/9JoyZceamm
2023-05-04 19:42:23+00:00,"RT @gatesfoundation: Is college the right choice for everyone?  

On this episode of ‚ÄúMake Me Care About,‚Äù @JenHatmaker and Jose Cruz River‚Ä¶",106,0,[],"['gatesfoundation', 'JenHatmaker']",,,https://mobile.twitter.com,
2023-05-03 18:16:25+00:00,"When I first met @dsengeh in 2011, I was blown away by his intellect, his ambition, and his sense of humor. His new book is a must-read for anyone who wants to help create a truly inclusive world. https://t.co/VGjrQjjgdn",208,1288,[],['dsengeh'],,,https://mobile.twitter.com,https://t.co/VGjrQjjgdn
2023-04-29 22:00:18+00:00,"As we rely more and more on electricity, it's vital to find innovative ways to generate clean power. https://t.co/74qlX65ZfJ",352,1944,[],[],,,https://mobile.twitter.com,https://t.co/74qlX65ZfJ
2023-04-29 06:38:51+00:00,"Mann ki Baat has catalyzed community led action on sanitation, health, women‚Äôs economic empowerment and other issues linked to the Sustainable Development Goals. Congratulations @narendramodi on the 100th episode. https://t.co/yg1Di2srjE",2086,11238,[],['narendramodi'],,,https://mobile.twitter.com,https://t.co/yg1Di2srjE
2023-04-28 19:44:06+00:00,"To #EndPolio, we must immunize the world's most vulnerable children‚Äîespecially those who have not been vaccinated before. Protecting ‚Äòzero-dose‚Äô children against paralysis with polio vaccines like nOPV2 will help usher in a healthier future for us all. https://t.co/borglIQgNX",289,1571,['EndPolio'],[],,,https://mobile.twitter.com,https://t.co/borglIQgNX
2023-04-27 20:30:41+00:00,"The connection is clear: when vaccine coverage goes down, we see more outbreaks of deadly diseases. That‚Äôs why we must strengthen health systems and invest in new &amp; improved vaccines. #VaccinesWork https://t.co/pMUElNhSPp",325,1659,['VaccinesWork'],[],,,https://mobile.twitter.com,
2023-04-27 18:35:10+00:00,This new fellowship powered by the AD Data Initiative aims to accelerate Alzheimer's research through data sharing and global collaboration. Early- and mid-career researchers and scientists in neuroscience or quantitative fields can apply in May. https://t.co/qahwBegySZ,240,1402,[],[],,,https://mobile.twitter.com,https://t.co/qahwBegySZ
2023-04-25 19:04:29+00:00,Everyone should have the same goal in mind: ending preventable diseases like polio. I had the pleasure of meeting @MichaelEssien last year. His ongoing support of protecting children is inspiring. #EndPolio #VaccinesWork https://t.co/vDYkQloN3I,333,1803,"['EndPolio', 'VaccinesWork']",['MichaelEssien'],,,https://mobile.twitter.com,https://t.co/vDYkQloN3I
2023-04-25 18:16:38+00:00,"RT @MalariaNoMore: Today is #WorldMalariaDay!

Thanks to global efforts to fight #malaria, an estimated 2 billion cases have been prevented‚Ä¶",164,0,"['WorldMalariaDay', 'malaria']",['MalariaNoMore'],,,https://mobile.twitter.com,
2023-04-25 18:12:32+00:00,"Despite being both preventable and curable, malaria still claims more than 600,000 lives each year. But this #WorldMalariaDay, I‚Äôm filled with hope because of promising tools that could drastically change the game and help us #EndMalaria in a generation. https://t.co/VZvmV1KnNd",229,1362,"['WorldMalariaDay', 'EndMalaria']",[],,,https://mobile.twitter.com,https://t.co/VZvmV1KnNd
2023-04-25 00:09:09+00:00,This new discovery in mathematics is really cool. https://t.co/QSibsGbmDU,365,1814,[],[],,,https://mobile.twitter.com,https://t.co/QSibsGbmDU
2023-04-24 17:37:50+00:00,Uganda‚Äôs maternal mortality rate is at least double the global average. That's why Eva Nangalo has dedicated her life to making childbirth in the country safer for everyone involved. https://t.co/29AjdJehNY,1210,4239,[],[],,,https://mobile.twitter.com,https://t.co/29AjdJehNY
2023-04-24 03:22:58+00:00,"They say the eyes are the windows to the soul, but they could also be the key to unlocking early info on cognitive disorders like Alzheimer's. https://t.co/7KHfLR6sN6",374,2609,[],[],,,https://mobile.twitter.com,https://t.co/7KHfLR6sN6
2023-04-23 15:22:11+00:00,You might see me using the ‚Äúbathtub metaphor‚Äù next time I‚Äôm describing carbon dioxide removal. This is a great explainer. https://t.co/cyib47tFsF,225,1431,[],[],,,https://mobile.twitter.com,https://t.co/cyib47tFsF
2023-04-20 21:37:40+00:00,"RT @gatesfoundation: Chickpeas? Garbanzo beans?  
 
No matter what you call these little round legumes, they are one of the best ingredient‚Ä¶",137,0,[],['gatesfoundation'],,,https://mobile.twitter.com,
2023-04-20 21:00:12+00:00,"This week in In San Diego, I got to talk with @jessieww about the issues with today‚Äôs math curricula‚Äîand the promises the future holds. https://t.co/BRxKtpa2pz",179,1024,[],['jessieww'],,,https://mobile.twitter.com,https://t.co/BRxKtpa2pz
2023-04-20 17:24:25+00:00,"For decades, we‚Äôve been fighting back against deadly diseases by expanding access to lifesaving vaccines. Coming out of the pandemic, we‚Äôre facing new challenges to #BuildBackImmunity‚Äìand past successes have proven that we can overcome these challenges together. https://t.co/PF8Af8zUyl",230,1286,['BuildBackImmunity'],[],,,https://mobile.twitter.com,https://t.co/PF8Af8zUyl
2023-04-20 16:24:00+00:00,"It‚Äôs always great catching up with @jessieww. We chatted about math, edtech, AI, and human ingenuity. Here‚Äôs a look at our conversation. https://t.co/oT7pdEXRY4",192,1122,[],['jessieww'],,,https://mobile.twitter.com,https://t.co/oT7pdEXRY4
2023-04-17 22:34:50+00:00,"I had a lot of fun meeting @CheechMarin, experiencing @TheCheechCenter, and learning a lot about his work to support the arts, education, and economic mobility for Mexican Americans. https://t.co/NXOHub9Scd",454,2644,[],"['CheechMarin', 'TheCheechCenter']",,,https://mobile.twitter.com,
2023-04-11 18:30:13+00:00,"I am so impressed with Eva Nangalo‚Äîit‚Äôs hard not to be. She‚Äôs spent decades making childbirth safer in Uganda for everyone involved, and she‚Äôs become a mentor to countless other midwives in the process. https://t.co/79RHbrCt01",628,3405,[],[],,,https://studio.twitter.com,
2023-04-10 18:10:22+00:00,I‚Äôm grateful for the Lauder family‚Äôs dedication to solving Alzheimer‚Äôs. https://t.co/vX0qtjBFxt,424,2964,[],[],,,https://mobile.twitter.com,https://t.co/vX0qtjBFxt
2023-04-08 18:55:44+00:00,I‚Äôm excited to see @devisridhar‚Äòs book in paperback. Her way of thinking about preparing for the next pandemic is one we should all pay attention to. https://t.co/g0HLziFG8q,387,2035,[],['devisridhar'],,,https://mobile.twitter.com,https://t.co/g0HLziFG8q
2023-04-07 16:50:20+00:00,"Happy Birthday, @WHO. Thank you for working to build a healthier future for us all. #WorldHealthDay https://t.co/CbIbUIv91c",381,2034,['WorldHealthDay'],['WHO'],,,https://mobile.twitter.com,https://t.co/CbIbUIv91c
2023-04-06 16:28:12+00:00,It‚Äôs fascinating to see this enormous data digitization collaboration between @NMNH and other natural history museums around the world. https://t.co/7MkKeYNQtD,273,1698,[],['NMNH'],,,https://mobile.twitter.com,https://t.co/7MkKeYNQtD
2023-04-05 16:12:27+00:00,"Conversations about building a brighter future are essential to driving progress. And when the topic is clean energy, I'm always excited to listen. https://t.co/fagifaBur6",227,1467,[],[],,,https://mobile.twitter.com,https://t.co/fagifaBur6
2023-04-04 22:25:52+00:00,"When I transitioned from @Microsoft to working full-time at the @GatesFoundation, I finally had the time to learn more about physics, chemistry, biology, and other sciences. So, I looked around for the best books and read as many of them as I could find. https://t.co/z2D5xGSeMj",497,3339,[],"['Microsoft', 'gatesfoundation']",,,https://mobile.twitter.com,https://t.co/z2D5xGSeMj
2023-03-31 21:35:08+00:00,"I‚Äôm excited about @gatesfoundation‚Äôs new podcast. The opportunities to reduce inequity are out there, and @JenHatmaker does a wonderful job of showcasing innovative solutions to pressing global issues. https://t.co/Xalos3mSeP",261,1462,[],"['gatesfoundation', 'JenHatmaker']",,,https://mobile.twitter.com,https://t.co/Xalos3mSeP
2023-03-31 17:46:18+00:00,"With the right mindset, progress is possible. https://t.co/v8ov4OlqZ2",417,2320,[],[],,,https://mobile.twitter.com,https://t.co/v8ov4OlqZ2
2023-03-30 17:44:07+00:00,"This is how close we are to truly self-driving cars (info from @SAEIntl). I believe we‚Äôll reach a tipping point within the next decade. When we do, AVs will change transportation as dramatically as the PC changed office work. https://t.co/E5hs17CG8b",301,1380,[],['SAEIntl'],,,https://mobile.twitter.com,
2023-03-30 17:44:07+00:00,I‚Äôm a car guy who enjoys the meditative (and fun) aspects of driving‚Äìbut I‚Äôm also eagerly anticipating the day when I can hand over the keys to a machine. https://t.co/aMQjTLZVT1,380,2816,[],[],,,https://mobile.twitter.com,https://t.co/aMQjTLZVT1
2023-03-30 16:26:59+00:00,Thank you @JNkengasong for your continued leadership. We look forward to building on @PEPFAR‚Äôs progress and saving millions more lives. https://t.co/kVx7xcW2Wp,133,934,[],"['JNkengasong', 'PEPFAR']",,,https://mobile.twitter.com,https://t.co/kVx7xcW2Wp
2023-03-30 15:14:11+00:00,"Thank you @SecBlinken. I look forward to continuing our work together improving health, reducing poverty, and promoting global growth, creating a safer and more secure world. https://t.co/F6Xv09KhRf",238,1530,[],['SecBlinken'],,,https://mobile.twitter.com,https://t.co/F6Xv09KhRf
2023-03-29 18:18:45+00:00,"RT @susanbyrnes: Excited to share @gatesfoundation is launching a podcast! ü•Åü•Åü•Å   

Make Me Care About with @JenHatmaker will offer in-depth‚Ä¶",138,0,[],"['susanbyrnes', 'gatesfoundation', 'JenHatmaker']",,,https://mobile.twitter.com,
2023-03-29 16:42:40+00:00,"I recently had the chance to test drive‚Äîor test ride, I guess‚Äîone of @wayve_ai‚Äôs autonomous vehicles. It was a pretty wild ride: https://t.co/PrwrxU49dd https://t.co/NtnkVx7sBx",553,3380,[],['wayve_ai'],,,https://studio.twitter.com,https://t.co/PrwrxU49dd
2023-03-28 22:22:01+00:00,"I had the honor of working with Gordon Moore in his capacities as a technologist, businessman, and philanthropist. The life he led and legacy he leaves behind will continue to inspire me and millions of others: https://t.co/NN35fh3url https://t.co/qDHMpvVlEd",327,2206,[],[],,,https://mobile.twitter.com,https://t.co/NN35fh3url
2023-03-26 21:22:32+00:00,"Superintelligent AIs are in our future. Compared to a computer, our brains operate at a snail‚Äôs pace. An electrical signal in the brain moves at ___________ the speed of the signal in a silicon chip. Check your answer here: https://t.co/wqZG1BdoTc",2849,4437,[],[],,,https://mobile.twitter.com,https://t.co/wqZG1BdoTc
2023-03-26 15:04:29+00:00,"More than a century before computers were even invented, Ada Lovelace became the world‚Äôs first computer programmer. https://t.co/KFauhNN9W2",454,2808,[],[],,,https://mobile.twitter.com,https://t.co/KFauhNN9W2
2023-03-24 16:53:57+00:00,"#WorldTBDay reminds us that tuberculosis is not a relic of the past. Each year, more than 1.6 million people die from the disease. Fortunately, there are many innovations in the TB R&amp;D pipeline which could transform how we detect, treat, and prevent it. https://t.co/y8IP39JsAY",291,1490,['WorldTBDay'],[],,,https://mobile.twitter.com,https://t.co/y8IP39JsAY
2023-03-22 21:32:41+00:00,I give a crap about the way crap gets disposed of. Because there‚Äôs no time to waste when it comes to waste management. Improving sanitation vastly enhances the quality of life for people around the world. #WorldWaterDay https://t.co/ueno5kiPTW,292,1713,['WorldWaterDay'],[],,,https://mobile.twitter.com,https://t.co/ueno5kiPTW
2023-03-22 20:09:05+00:00,My conversation with @kevin_scott is a great primer on what Microsoft is doing with its emerging AI technology. https://t.co/GGWnoD1mx7,189,939,[],['kevin_scott'],,,https://mobile.twitter.com,https://t.co/GGWnoD1mx7
2023-03-22 18:21:04+00:00,"As this important @IPCC_CH report highlights, the threat of climate change is dire. But if we act with ambition, unleash innovation, and meet this moment with the urgency it demands, the opportunities are immense. https://t.co/elTlN72Nbj",202,1138,[],['IPCC_CH'],,,https://mobile.twitter.com,https://t.co/elTlN72Nbj
2023-03-21 17:09:47+00:00,"Everyone should benefit from artificial intelligence, and not just people in rich countries. This is the priority for my own work.",349,2317,[],[],,,https://mobile.twitter.com,
2023-03-21 17:09:47+00:00,"The development of AI is as fundamental as the creation of the microprocessor, the personal computer, the Internet, and the mobile phone. It will change the way people work, learn, travel, get health care, and communicate with each other. https://t.co/uuaOQyxBTl",1881,6525,[],[],,,https://mobile.twitter.com,https://t.co/uuaOQyxBTl
2023-03-20 16:06:17+00:00,"There are lots of barriers standing in the way of upgrading our country‚Äôs energy grid. By addressing them, we‚Äôll build a future with cleaner air, more jobs, and affordable, reliable energy. https://t.co/AydbanMA4h",175,1367,[],[],,,https://mobile.twitter.com,https://t.co/AydbanMA4h
2023-03-19 17:14:14+00:00,The Global Health Emergency Corps will represent massive progress toward a pandemic-free future. https://t.co/FrhvVHqTbo,259,1311,[],[],,,https://mobile.twitter.com,https://t.co/FrhvVHqTbo
2023-03-18 22:17:09+00:00,A phenomenal story about how innovation is helping treat diseases previously thought to be incurable. https://t.co/9jOgt5CZA0,186,1246,[],[],,,https://mobile.twitter.com,https://t.co/9jOgt5CZA0
2023-03-17 16:30:10+00:00,"I couldn‚Äôt help but think about the good old days while reading this. The floppy disk will always have a special place in my heart, and it‚Äôs fun to see it still being used in a few special cases. https://t.co/Trbgh2vKtn",269,2201,[],[],,,https://mobile.twitter.com,https://t.co/Trbgh2vKtn
2023-03-16 17:24:24+00:00,These women have overcome challenges and made significant contributions to their industries‚Äîand the world. Their stories provide endless opportunities to listen and learn. https://t.co/mWdvxb8oAq,174,1280,[],[],,,https://mobile.twitter.com,https://t.co/mWdvxb8oAq
2023-03-14 19:10:41+00:00,"RT @GatesUS: What do all these numbers mean?

Math helps students answer that question and make sense of the world around them ‚Äî on #PiDay‚Ä¶",102,0,['PiDay'],['GatesUS'],,,https://mobile.twitter.com,
2023-03-13 17:04:47+00:00,"As big as the problems facing the world are right now, my visit to India reminded me that our capacity to solve them is even bigger: https://t.co/zp7XfRIpV9 https://t.co/aFHUu987u3",376,2971,[],[],,,https://studio.twitter.com,https://t.co/zp7XfRIpV9
2023-03-11 17:18:38+00:00,Thinking of President Carter and his family. This is a lovely tribute to one of his biggest accomplishments. https://t.co/g53c4ty0qI,698,4312,[],[],,,https://mobile.twitter.com,https://t.co/g53c4ty0qI
2023-03-10 22:29:52+00:00,Solving the climate crisis will be the greatest challenge this world has ever faced. I‚Äôm extremely proud of @Breakthrough for taking it on. https://t.co/pXGEeCSTIT,222,1231,[],['Breakthrough'],,,https://mobile.twitter.com,https://t.co/pXGEeCSTIT
2023-03-08 23:24:57+00:00,"""Climate change, just like gender inequality, is man-made, which means it can be changed."" Dr.‚ÄØ@ashageorge72‚Äôs optimistic approach is worth a read. https://t.co/S0mCf5YofL",225,1375,[],['ashageorge72'],,,https://mobile.twitter.com,https://t.co/S0mCf5YofL
2023-03-08 19:22:23+00:00,"Throughout our work in global health, technology, innovation, and climate change, we see the essential contributions of women everywhere. https://t.co/2EtdISBmg2",95,627,[],[],,,https://mobile.twitter.com,https://t.co/2EtdISBmg2
2023-03-08 19:22:23+00:00,Gender equality is a central goal of the @gatesfoundation mission and we‚Äôve committed more resources than ever to that work. @AnitaZaidi leads our ambitious efforts for a more equal world. https://t.co/Ni6J7Va2s2,165,1146,[],"['gatesfoundation', 'AnitaZaidi']",,,https://mobile.twitter.com,https://t.co/Ni6J7Va2s2
2023-03-07 22:44:09+00:00,"As you can see, I had a very busy week. But my travels left me truly inspired and optimistic about the future. As big as the problems facing the world are right now, my visit to India reminded me that our capacity to solve them is even bigger. https://t.co/85bEgqJTEp",223,2034,[],[],,,https://mobile.twitter.com,
2023-03-07 22:44:08+00:00,"In Bangalore, I visited the urban community of Halasuru to learn about how digital banking can help reach poor and underserved communities. It was interesting to see how postal workers are now bringing banking services directly to doorsteps through @IPPBOnline. https://t.co/4sqRanDQln",167,1617,[],['IPPBOnline'],,,https://mobile.twitter.com,
2023-03-07 22:44:07+00:00,"As part of the G20 Summit in Delhi, I spoke about the role digital tools and applications play in transforming the lives of women and low-income people. https://t.co/NK3YUPRCUL",61,742,[],[],,,https://mobile.twitter.com,
2023-03-07 22:44:07+00:00,"What has three wheels, zero emissions, and makes no noise? This electric rickshaw I drove in Delhi. It‚Äôs called the Mahindra Treo, and I had a lot of fun taking it for a drive: https://t.co/uv4RBDHYMX https://t.co/k9JfDtOKN7",97,1022,[],[],,,https://mobile.twitter.com,https://t.co/uv4RBDHYMX
2023-03-07 22:44:06+00:00,"During a meeting with @smritiirani, Minister of Women and Child Development for India, I participated in an Annaparashan ceremony. This Hindu rite of passage marks an infant's first intake of food other than milk. https://t.co/OEn9KoqoYF",103,1163,[],['smritiirani'],,,https://mobile.twitter.com,
2023-03-07 22:44:05+00:00,.@iamMostlySane joined me at the Indian Agricultural Research Institute to learn about the climate resilient crops under development. And I had a lot of fun joining her for #RealTalkTuesday: https://t.co/KIkfoFJLcH https://t.co/nvoGtGoKoL,56,939,['RealTalkTuesday'],['iamMostlySane'],,,https://mobile.twitter.com,https://t.co/KIkfoFJLcH
2023-03-07 22:44:04+00:00,"My first morning in Delhi I traveled to the Indian Agricultural Research Institute to learn about how they‚Äôre developing crops that are resistant to drought, flooding, and other extreme weather. https://t.co/9hg3zguVZc",48,567,[],[],,,https://mobile.twitter.com,
2023-03-07 22:44:03+00:00,"I was thrilled to meet a fellow bridge lover, Anshul Bhatt, in Mumbai. Last year at the age of just 13, Anshul won three gold medals and became the youngest winner at the World Youth Bridge Championship. https://t.co/phv9cU7xJh",34,477,[],[],,,https://mobile.twitter.com,
2023-03-07 22:44:03+00:00,".@AiyyoShraddha, a very funny comedian, joined me for the tour of the urban health center. She and I had a wonderful talk afterwards about India‚Äôs goal of reducing TB and how Mumbai has been a leader in trying new approaches. https://t.co/l7G5H5D5N2",33,474,[],['AiyyoShraddha'],,,https://mobile.twitter.com,
2023-03-07 22:44:02+00:00,"My trip started in Mumbai, where I visited an urban health center that serves as a first point of contact for TB patients. India has more TB cases than anywhere else in the world. That‚Äôs why facilities like this are so critical. https://t.co/QjmWFbdIu5",35,433,[],[],,,https://mobile.twitter.com,
2023-03-07 22:44:01+00:00,"It was an honor to meet with Prime Minister @narendramodi and talk about how India is championing progress in areas like health, financial inclusion, women‚Äôs economic empowerment, and digitization: https://t.co/92BZ2ZQAKf https://t.co/KeNnKjiL7N",226,3319,[],['narendramodi'],,,https://mobile.twitter.com,https://t.co/92BZ2ZQAKf
2023-03-07 22:44:00+00:00,"I just returned from my visit to India, and I can‚Äôt wait to go back again. I love visiting India because every trip is an incredible opportunity to learn. Here are some photos from my trip and some of the stories behind them: https://t.co/We6PtJWDnp https://t.co/QxZW7gfUmI",410,5435,[],[],,,https://mobile.twitter.com,https://t.co/We6PtJWDnp
2023-03-07 18:55:26+00:00,The efforts by @Nithin0dha and @nikhilkamathcio in addressing #climatechange &amp; supporting entrepreneurs are incredible. I‚Äôm inspired by the young leaders like them who are championing philanthropy in India. https://t.co/BgzXBaQDKt,158,2028,['climatechange'],"['Nithin0dha', 'nikhilkamathcio']",,,https://mobile.twitter.com,https://t.co/BgzXBaQDKt
2023-03-05 22:07:47+00:00,"These numbers prove why India plays such a crucial role in the world‚Äôs fight to improve health, reduce poverty, prevent climate change, and more. https://t.co/xMpmcoYQhi",2798,15309,[],[],,,https://mobile.twitter.com,
2023-03-04 22:34:46+00:00,"It was an honor to deliver the 5th Ramnath Goenka Memorial Lecture by @IndianExpress and the dialogue with @anantgoenka was truly enriching. Amongst the toughest challenges, India leading the way in the global innovation boom gives me hope. https://t.co/jGr5Cdjhsx",201,1644,[],"['IndianExpress', 'anantgoenka']",,,https://mobile.twitter.com,https://t.co/jGr5Cdjhsx
2023-03-04 03:44:08+00:00,"My conversation with Prime Minister @narendramodi left me more optimistic than ever about the progress that India is making in health, development, and climate.¬†https://t.co/igH3ete4gD @PMOIndia",1407,12093,[],"['narendramodi', 'PMOIndia']",,,http://twitter.com/download/iphone,https://t.co/igH3ete4gD
2023-03-02 21:52:54+00:00,"Thank you @amitabhk87 &amp; @g20org for the welcome. It was an honor to share the stage with @AshwiniVaishnaw, @UpasanaTaku, @ChapmanLizzie, &amp; @MabelChacko. We had an incredible discussion about how India's prowess in digital public infrastructure can be an inspiration for the world. https://t.co/hw7yz015Eu",196,1763,[],"['amitabhk87', 'g20org', 'AshwiniVaishnaw', 'UpasanaTaku', 'ChapmanLizzie', 'MabelChacko']",,,https://mobile.twitter.com,https://t.co/hw7yz015Eu
2023-03-02 21:35:59+00:00,Thank you Minister @HardeepSPuri for an engaging conversation on energy transition. We continue our commitment to support safe and sustainable sanitation. @MoHUA_India https://t.co/iLfAPjEgB3,227,2157,[],"['HardeepSPuri', 'MoHUA_India']",,,https://mobile.twitter.com,https://t.co/iLfAPjEgB3
2023-03-02 21:25:36+00:00,"India is making strong progress toward a healthier future for women and children through POSHAN 2.0 with a focus on data &amp; monitoring. Today I met with two amazing administrators, Amy Joseph and Lakshmi Priya, who are helping to improve nutrition outcomes. @MinistryWCD https://t.co/zFoQUChHPk",319,2408,[],['MinistryWCD'],,,https://mobile.twitter.com,https://t.co/zFoQUChHPk
2023-03-01 22:24:17+00:00,It was great to visit the Indian Agricultural Research Institute and learn about the advanced technologies being used to develop climate-smart crops in India. I am thrilled to see India make progress on innovations that can help farmers globally. https://t.co/bHji4HzLzW,992,12541,[],[],,,https://mobile.twitter.com,
2023-03-01 21:48:55+00:00,India‚Äôs health infrastructure has grown tremendously since my last visit here. It‚Äôs great to see so much progress made toward building an inclusive and accessible healthcare by @MOHFW_India and @mansukhmandviya. We're glad to be a part of this journey toward a healthier India. https://t.co/XGJDTZUJ5V,310,2338,[],"['MoHFW_INDIA', 'mansukhmandviya']",,,https://mobile.twitter.com,https://t.co/XGJDTZUJ5V
2023-03-01 20:47:21+00:00,India is a global pioneer in building and scaling digital public infrastructure. @AshwiniVaishnaw and I talked about the progress of @_DigitalIndia. This is India‚Äôs moment to lead the adoption of digital services across the development sector globally. https://t.co/dCkVy8kmsY,379,3586,[],"['AshwiniVaishnaw', '_DigitalIndia']",,,https://mobile.twitter.com,https://t.co/dCkVy8kmsY
2023-03-01 20:09:29+00:00,"India is creating positive change through innovative digital programs like CoWIN, #ABDM, and #ONDC. I had an insightful conversation with @Rajeev_GoI on strengthening digital capacity within the government with a renewed focus on health, agriculture, and women's power. https://t.co/RCV8Id1CWX",178,1609,"['ABDM', 'ONDC']",['Rajeev_GoI'],,,https://mobile.twitter.com,https://t.co/RCV8Id1CWX
2023-03-01 20:08:38+00:00,"RT @PrinSciAdvOff: Mr. @BillGates, Co-Chair and Trustee @gatesfoundation called on Prof Ajay K Sood, @PrinSciAdvGoI. The discussion focused‚Ä¶",126,0,[],"['PrinSciAdvOff', 'BillGates', 'gatesfoundation', 'PrinSciAdvGoI']",,,https://mobile.twitter.com,
2023-02-28 23:43:22+00:00,"I had a great time learning more about your work in children's healthcare. I‚Äôm optimistic that, working together, we can score a century for progress! https://t.co/JAPnjBQIwk",383,6452,[],[],,,https://mobile.twitter.com,https://t.co/JAPnjBQIwk
2023-02-28 16:31:41+00:00,"It was a pleasure to meet with @anandmahindra and discuss our efforts to increase women's economic power in India. We talked about opportunities to collaborate on areas like agriculture, digital financial services, and climate. https://t.co/U3YtYXKsp1",278,3474,[],['anandmahindra'],,,https://mobile.twitter.com,https://t.co/U3YtYXKsp1
2023-02-28 09:22:14+00:00,"RT @RBI: Mr.@BillGates visited RBI Mumbai today and held wide ranging discussions with Governor @DasShaktikanta 
 
#RBI #rbitoday #rbigover‚Ä¶",370,0,"['RBI', 'rbitoday']","['RBI', 'BillGates', 'DasShaktikanta']",,,https://mobile.twitter.com,
2023-02-27 17:56:34+00:00,"Like every other country on the planet, India has limited resources. But it has shown us how the world can still make progress in spite of that constraint. https://t.co/9vcQsBw5Ou",514,3959,[],[],,,https://mobile.twitter.com,
2023-02-25 21:36:04+00:00,"RT @_HannahRitchie: 99% of the Indian population has access to electricity.

In 2000, this was just 59%. Even in 2010, just 76%.

A massive‚Ä¶",2122,0,[],['_HannahRitchie'],,,https://mobile.twitter.com,
2023-02-24 23:14:03+00:00,"I spent the morning in DC celebrating 20 years of @PEPFAR which has helped save more than 25 million lives, and is one of the most generous initiatives America has ever led. https://t.co/pEgJyUbCQs",251,1697,[],['PEPFAR'],,,https://mobile.twitter.com,
2023-02-24 18:10:22+00:00,Recent Alzheimer‚Äôs breakthroughs like lecanemab will spark new and increased investment in brain health ‚Äî giving hope that we‚Äôll someday soon be able to substantially alter the course of the disease and ones like it. https://t.co/szd2m8nuDj,235,1638,[],[],,,https://mobile.twitter.com,https://t.co/szd2m8nuDj
2023-02-22 20:10:22+00:00,"India gives me hope for the future. I‚Äôm excited to visit next week and see the work being done by innovators and entrepreneurs to tackle big challenges like climate change, health, and hunger. https://t.co/vnVpLNROtZ",384,2531,[],[],,,https://mobile.twitter.com,https://t.co/vnVpLNROtZ
2023-02-22 20:08:18+00:00,"RT @Breakthrough: At #MSC2023, BE joined @Siemens_Energy, @vonderleyen, @wernerhoyer, @fbirol &amp; others to launch the Energy Resilience Lead‚Ä¶",126,0,['MSC2023'],"['Breakthrough', 'Siemens_Energy', 'vonderleyen', 'wernerhoyer', 'fbirol']",,,https://mobile.twitter.com,
2023-02-18 01:26:40+00:00,"The world is facing multiple crises around energy, food and health. These threats are interconnected and require a joined-up response, prioritizing global cooperation and innovation. https://t.co/KcVdDV2jqC",374,2136,[],[],,,https://mobile.twitter.com,https://t.co/KcVdDV2jqC
2023-02-17 15:43:25+00:00,.@RishiSunak and I were interviewed by an AI chatbot and had a great conversation about the future. Spoiler alert: it‚Äôs bright. https://t.co/PZ5TgaumVn,233,1477,[],['RishiSunak'],,,https://mobile.twitter.com,https://t.co/PZ5TgaumVn
2023-02-15 18:04:32+00:00,"I enjoyed speaking in Oslo about the interlinked challenges of energy, health, and food security and the way forward in this time of crisis. https://t.co/cGFqZLlReH",298,2518,[],[],,,https://mobile.twitter.com,
2023-02-15 08:40:49+00:00,Norway has been a great supporter of global health in low-income communities through ODA contributions. It was great to connect with @jonasgahrstore on this. https://t.co/u6BFKz1Og8,156,1256,[],['jonasgahrstore'],,,https://mobile.twitter.com,https://t.co/u6BFKz1Og8
2023-02-15 04:40:22+00:00,"Congratulations to @gavi‚Äôs next CEO, @Muhammadpate. I have no doubt he will bring learnings from his impressive career in Nigeria and at the @WorldBank to ensure children have access to lifesaving vaccines. https://t.co/oM9GFu4V4Z",181,1225,[],"['gavi', 'muhammadpate', 'WorldBank']",,,https://mobile.twitter.com,https://t.co/oM9GFu4V4Z
2023-02-10 16:58:14+00:00,"Thank you, @libbycave and the BBC team. I really enjoyed my conversation with Amol in Kenya and am honored to be in the company of such fascinating people. https://t.co/glBO3aMBq8",147,942,[],['libbycave'],,,https://mobile.twitter.com,https://t.co/glBO3aMBq8
2023-02-09 01:24:18+00:00,Super inspiring. https://t.co/XZtiHMr8kC,255,1854,[],[],,,https://mobile.twitter.com,https://t.co/XZtiHMr8kC
2023-02-08 03:22:52+00:00,"RT @GatesUS: Thanks to 20 years of bipartisan support, @PEPFAR has been a game-changer in the fight against HIV/AIDS.

25 million lives sav‚Ä¶",111,0,[],"['GatesUS', 'PEPFAR']",,,https://mobile.twitter.com,
2023-02-06 20:02:02+00:00,CRISPR has revolutionized health over the past decade. I‚Äôm excited to see how it will continue to evolve and intersect with other technologies in the decade to come. https://t.co/q2m1ETeH7C,347,1821,[],[],,,https://mobile.twitter.com,https://t.co/q2m1ETeH7C
2023-02-03 17:02:40+00:00,My first job was writing software for the entity that controls the power grid in the Northwest. Extreme weather has made it clear grids are a lot more vulnerable today than they were back then. https://t.co/ILs8daiXsg,352,2384,[],[],,,https://mobile.twitter.com,https://t.co/ILs8daiXsg
2023-02-02 16:44:41+00:00,"Aside from being a neat piece of art, the periodic table reminds me of how one discovery can lead to countless others. https://t.co/dmrQWVeyyk",478,4481,[],[],,,https://mobile.twitter.com,https://t.co/dmrQWVeyyk
2023-01-31 19:11:54+00:00,"In Kenya, I visited with a smallholder farmer using new tools and practices to fight back against climate change: https://t.co/JZ6NXGvo8x https://t.co/gXyBuZWlyw",491,3204,[],[],,,https://studio.twitter.com,https://t.co/JZ6NXGvo8x
2023-01-30 17:25:42+00:00,"RT @gatesfoundation: As of 2022, 47 countries have eliminated at least one neglected tropical disease (NTDs).

A new report from @WHO shows‚Ä¶",149,0,[],"['gatesfoundation', 'WHO']",,,https://mobile.twitter.com,
2023-01-27 18:53:07+00:00,Thank you for your support and continued leadership. https://t.co/2G7A1enK95,219,1414,[],[],,,https://mobile.twitter.com,https://t.co/2G7A1enK95
2023-01-25 18:21:01+00:00,Transmission is critical to unleashing the potential of affordable and abundant clean energy: https://t.co/NJWWkaWD36 https://t.co/jzfiX7wZp5,458,2659,[],[],,,https://mobile.twitter.com,https://t.co/NJWWkaWD36
2023-01-24 22:37:44+00:00,"It was a pleasure to speak at the Lowy Institute about how climate change is inextricably linked with health, food, and energy security. These must be addressed together with an understanding about how each one impacts the others. https://t.co/4CEaG6rphR",264,1742,[],[],,,https://mobile.twitter.com,https://t.co/4CEaG6rphR
2023-01-24 22:33:54+00:00,"Prime Minister Kishida is right: Building resilient health systems means investing in R&amp;D before crises emerge, improving primary health care, and strengthening the emergency response health workforce. Grateful for Japan‚Äôs strong leadership as head of the @G7. https://t.co/wviqHpb0Rh",144,839,[],['G7'],,,https://mobile.twitter.com,https://t.co/wviqHpb0Rh
2023-01-23 17:22:17+00:00,"In his annual letter, CEO @MSuzman explains how the @gatesfoundation uses its dollars and voice to help find solutions for problems that otherwise might be neglected. https://t.co/yULE6iMTOa",194,1338,[],"['MSuzman', 'gatesfoundation']",,,https://mobile.twitter.com,https://t.co/yULE6iMTOa
2023-01-21 02:42:34+00:00,"What a great meeting with @AlboMP on the intersection of climate, energy, and health. We also spoke about supporting communities in Australia and across the globe as the world adapts to the changing climate. https://t.co/R878IQZL2u",328,2478,[],['AlboMP'],,,https://mobile.twitter.com,https://t.co/R878IQZL2u
2023-01-17 17:28:48+00:00,RT @MSuzman: Overlapping crises are rolling back a decade of progress in global health and development &amp; have taken a severe toll on the wo‚Ä¶,182,0,[],['MSuzman'],,,https://mobile.twitter.com,
2023-01-12 18:19:23+00:00,".@Rotary has been leading the charge to #EndPolio for decades. Now, with the finish line in sight, they are ensuring that polio stays a global priority. We also remain committed, tripling every donation made to Rotary. https://t.co/GeBKF8KmYd",337,1618,['EndPolio'],['Rotary'],,,https://mobile.twitter.com,https://t.co/GeBKF8KmYd
2023-01-11 20:30:36+00:00,I‚Äôm live on @Reddit now. Ask me anything: https://t.co/pGYLckOrL6 https://t.co/fCK8b2MdHM,542,4935,[],['Reddit'],,,https://mobile.twitter.com,https://t.co/pGYLckOrL6
2022-12-20 05:31:28+00:00,"I am in awe of people who have dedicated their lives to making the world a more equitable place, and I feel lucky to be able to support their efforts. https://t.co/It4s0WRzH5",908,5315,[],[],,,https://mobile.twitter.com,https://t.co/It4s0WRzH5
2022-12-16 20:53:09+00:00,You don‚Äôt need to be a big soccer fan to recognize why it‚Äôs called ‚Äúthe beautiful game.‚Äù https://t.co/Bkiar7eYUu,384,2497,[],[],,,https://mobile.twitter.com,https://t.co/Bkiar7eYUu
2022-12-16 20:51:53+00:00,"RT @gatesfoundation: This is a major milestone in the fight against #malaria. Now, millions more people have access to a powerful new tool‚Ä¶",194,0,['malaria'],['gatesfoundation'],,,https://mobile.twitter.com,
2022-12-16 20:32:41+00:00,"RT @AP: The major advance in fusion research announced on  Tuesday was decades in coming, with scientists for the first time able to engine‚Ä¶",209,0,[],['AP'],,,https://mobile.twitter.com,
2022-11-19 19:24:57+00:00,"In order to solve our world‚Äôs sanitation crisis, we need smarter toilets that don‚Äôt rely on sewage systems and prevent the spread of diseases. #WorldToiletDay https://t.co/gbp9F0GxlE",876,5253,['WorldToiletDay'],[],,,https://mobile.twitter.com,https://t.co/gbp9F0GxlE
2022-11-18 20:52:59+00:00,"Collaboration and more open access to data have made seemingly impossible health breakthroughs a reality, like COVID-19 vaccines. @AlzData is putting the power of data behind one of our most critical health challenges. https://t.co/Qtatf2WMds",363,1677,[],['AlzData'],,,https://mobile.twitter.com,https://t.co/Qtatf2WMds
2022-11-18 18:51:11+00:00,"From decreasing maternal mortality to lowering rates of vaccine-preventable diseases, @WendoAszed is a true hero in her community. https://t.co/tuAz440QNx",289,1764,[],['WendoAszed'],,,https://mobile.twitter.com,https://t.co/tuAz440QNx
2022-11-17 20:27:13+00:00,"Africa has always been at the heart of our foundation‚Äôs mission. Today, we are announcing our commitment of $7 billion over the next 4 years for the development of more breakthrough innovations in health and agriculture across the continent. https://t.co/imh57I2hdg",494,2602,[],[],,,https://mobile.twitter.com,https://t.co/imh57I2hdg
2022-11-17 20:05:19+00:00,@Amref_Worldwide is doing great things for health within Kenya and across Africa thanks to the leadership of @daktari1. It was a pleasure to meet with you. https://t.co/qTDcW0N0hF,38,272,[],"['Amref_Worldwide', 'daktari1']",,,https://mobile.twitter.com,https://t.co/qTDcW0N0hF
2022-11-17 19:07:18+00:00,Many people don‚Äôt know that Mike was a champion for and leader on PEPFAR ‚Äì the President‚Äôs Emergency Plan for AIDS Relief ‚Äì which has saved millions of lives. It‚Äôs one of the best things this country has ever done. It will be a lasting part of his legacy.,146,1209,[],[],,,https://mobile.twitter.com,
2022-11-17 19:07:17+00:00,"I‚Äôm very sad to hear about Michael Gerson‚Äôs passing. We spoke many times over the years, especially about global health, and when I started talking about pandemic prevention back in 2015, he was one of the first journalists I wanted to talk to. https://t.co/1MUgLtwhi1",273,1898,[],[],,,https://mobile.twitter.com,https://t.co/1MUgLtwhi1
2022-11-17 18:36:48+00:00,"@KenyaGovernors @gatesfoundation It was a pleasure to join this roundtable to learn more about Kenya‚Äôs progress. It is great to be back in Kenya. So much has changed since my last visit, and it‚Äôs exciting to come and see it first-hand.",10,37,[],"['KenyaGovernors', 'gatesfoundation']",,,https://mobile.twitter.com,
2022-11-16 20:55:31+00:00,RT @Africa_com: https://t.co/p2DkutFiFM is excited to host Bill Gates in an exclusive conversation for the https://t.co/p2DkutFiFM virtual‚Ä¶,259,0,[],['Africa_com'],,,https://mobile.twitter.com,https://t.co/p2DkutFiFM
2022-11-16 20:18:54+00:00,"I‚Äôm in Kenya this week to learn from researchers, innovators, students, and leaders about what‚Äôs working, what‚Äôs not, and how the foundation can better support progress in Kenya and across the continent. https://t.co/FrWWrRYCA6 https://t.co/VVe4w3ZkT1",1925,18251,[],[],,,https://mobile.twitter.com,https://t.co/FrWWrRYCA6
2022-11-16 19:36:58+00:00,Thank you for having me. I‚Äôm excited to be here in Kenya this week to see how much progress has been made. https://t.co/AE84KokmEO,538,5190,[],[],,,https://mobile.twitter.com,https://t.co/AE84KokmEO
2022-11-16 19:34:34+00:00,"@OfficialMakueni Thank you. I enjoyed learning from your health team, as well as some of the remarkable individuals who make up the community.",12,36,[],['OfficialMakueni'],,,https://mobile.twitter.com,
2022-11-15 18:55:28+00:00,"I believe everyone has a role to play in addressing climate change. Whether you‚Äôre an entrepreneur, an inventor, or consumer, we can all help avoid a climate disaster. https://t.co/qlLNjgq2XD",501,3023,[],[],,,https://mobile.twitter.com,https://t.co/qlLNjgq2XD
2022-11-14 02:24:53+00:00,"When it comes to alleviating the impacts of #climatechange on smallholder farmers, the goal should not simply be giving more food aid. It should be to ensure no aid is needed in the first place. https://t.co/POXDnJo0tN #COP27",326,2148,"['climatechange', 'COP27']",[],,,https://mobile.twitter.com,https://t.co/POXDnJo0tN
2022-11-12 23:37:19+00:00,Those of us who have done the most to cause this problem should help the rest of the world survive it. We owe them that much. https://t.co/H4dLsGFelO,447,2571,[],[],,,https://mobile.twitter.com,https://t.co/H4dLsGFelO
2022-11-12 16:38:54+00:00,"More than 670,000 children die from pneumonia every year. Inventprise is working to change that. #WorldPneumoniaDay https://t.co/b84FmxsOxA",293,2024,['WorldPneumoniaDay'],[],,,https://mobile.twitter.com,https://t.co/b84FmxsOxA
2022-11-10 22:00:16+00:00,"While the last steps are proving to be the toughest, I‚Äôm optimistic we will eradicate polio. I recently visited @KU_Leuven‚Äôs Rega Institute where they‚Äôre testing preventative medicine ‚Äì an important step toward a polio-free world. https://t.co/VOiM8Yla5I",276,2631,[],['KU_Leuven'],,,https://mobile.twitter.com,
2022-11-07 23:38:09+00:00,"The climate crisis is already devastating communities. More funding is necessary to ensure agricultural and technological innovations are widely available to the most vulnerable, helping them adapt to climate change, save lives, and increase economic opportunity. https://t.co/KvQAM73myZ",318,2033,[],[],,,https://mobile.twitter.com,https://t.co/KvQAM73myZ
2022-11-04 16:49:54+00:00,I have never met anyone who was more passionate about reducing the world‚Äôs worst inequities in health than Paul Farmer. I continue to learn from my dear friend‚Äôs life and legacy today. https://t.co/Mk3HFoiqEn,249,2001,[],[],,,https://mobile.twitter.com,https://t.co/Mk3HFoiqEn
2022-11-03 21:47:29+00:00,"More than 1B people globally still suffer from #NTDs, many caused by parasites. I got a firsthand look at these creepy crawlies at the Parasitic Museum in Tokyo. The more we understand them, the better we can address the diseases they cause. https://t.co/jDjFYCFVgv",222,1852,['NTDs'],[],,,https://mobile.twitter.com,https://t.co/jDjFYCFVgv
2022-11-03 17:09:17+00:00,"This year's #BESummit2022 brought together investors, policymakers, and innovators to tackle one of the world‚Äôs toughest problems: climate change. https://t.co/nZ4SWXKrhk",238,1685,['BESummit2022'],[],,,https://mobile.twitter.com,
2022-10-28 16:42:42+00:00,"Math shouldn‚Äôt be a gatekeeper, limiting a student‚Äôs dreams. It should be a gateway, helping students realize them. https://t.co/YjFMqGn5yz",512,3528,[],[],,,https://mobile.twitter.com,https://t.co/YjFMqGn5yz
2022-10-27 19:28:33+00:00,"TerraPower, the next-gen nuclear company I founded, just agreed with PacifiCorp to study the feasibility of building five Natrium reactors for its customers. https://t.co/S6F0ALOnFO",353,2756,[],[],,,https://mobile.twitter.com,https://t.co/S6F0ALOnFO
2022-10-26 21:13:42+00:00,I had a great meeting with @starkwatzinger to discuss the importance of funding research to address some of the future challenges we face in global health. https://t.co/vLDqt4SBpn,152,1156,[],['starkwatzinger'],,,https://mobile.twitter.com,https://t.co/vLDqt4SBpn
2022-10-26 21:13:19+00:00,"Thank you, Prime Minister @Xavier_Bettel for your continued commitment and support. https://t.co/AyXnm7ThA6",132,1384,[],['Xavier_Bettel'],,,https://mobile.twitter.com,https://t.co/AyXnm7ThA6
2022-10-26 15:44:32+00:00,I am thrilled to see the existing partnership between @EIB and @Breakthrough strengthen with the signing of this MOU today. Global collaboration like this has the power to bring the clean energy solutions we need to communities around the world. https://t.co/YIzvV6G7Jg,166,1220,[],"['EIB', 'Breakthrough']",,,https://mobile.twitter.com,https://t.co/YIzvV6G7Jg
2022-10-26 11:59:36+00:00,"I‚Äôm deeply grateful for the efforts of partners like President @MohamedBinZayed who have helped reduce the global polio burden by 99.9% and prevented an estimated 20 million children from being paralyzed. Together, we can overcome the last hurdles and achieve a polio-free world. https://t.co/eD5ao7EBA0",441,1870,[],['MohamedBinZayed'],,,https://mobile.twitter.com,https://t.co/eD5ao7EBA0
2022-10-25 23:37:29+00:00,Testing for viruses with a breathalyzer? It‚Äôs possible. Pretty incredible to see the innovative work happening at @imec_int. https://t.co/wRMLvd7Gk0,357,3196,[],['imec_int'],,,https://mobile.twitter.com,
2022-10-25 23:31:16+00:00,"Thank you, Prime Minister @alexanderdecroo, for hosting this year‚Äôs #GrandChallenges meeting. Your support in facilitating this gathering of global leaders will help ensure a healthier and more secure world. https://t.co/2ZEOEaTV04",139,1342,['GrandChallenges'],['alexanderdecroo'],,,https://mobile.twitter.com,
2022-10-25 21:48:17+00:00,@CovariantAI Thanks for having me! Seeing the universal Al Robotics platform in action was incredible.,6,102,[],['CovariantAI'],,,https://mobile.twitter.com,
2022-10-25 21:46:51+00:00,@VDombrovskis @gatesfoundation Thank you for the thoughtful discussion.,4,19,[],"['VDombrovskis', 'gatesfoundation']",,,https://mobile.twitter.com,
2022-10-25 21:44:52+00:00,"One amazing program supported by the EU and @gatesfoundation together is the African Medicines Agency, a new African Union institution to strengthen regulatory capacity and health security across the continent. https://t.co/aqAcFQQ6Ji",68,619,[],['gatesfoundation'],,,https://mobile.twitter.com,https://t.co/aqAcFQQ6Ji
2022-10-25 21:44:52+00:00,Thanks to the @EU_Commission‚Äôs @ratsosi for a great discussion about our joint efforts to advance the fight against infectious diseases. https://t.co/3dvZz5c7ut,175,1735,[],"['EU_Commission', 'ratsosi']",,,https://mobile.twitter.com,
2022-10-25 13:57:58+00:00,"Twenty years ago, I thought of #GrandChallenges as a Gates Foundation initiative. Because of all of the innovators and broader scientific community involved, it has become a global movement. https://t.co/I9rWMg5bTa",178,1620,['GrandChallenges'],[],,,https://mobile.twitter.com,
2022-10-21 21:43:00+00:00,It‚Äôs been fantastic to learn from @djimdeab and @Ioyier who've been working on the reduction of malaria and many other disease elimination programs with the support of @wellcometrust. https://t.co/uyHw3zgZvc,162,1216,[],"['djimdeab', 'IOyier', 'wellcometrust']",,,https://mobile.twitter.com,https://t.co/uyHw3zgZvc
2022-10-20 18:27:43+00:00,"To understand what it will take to get to zero, we need to start by asking where the 51 billion tons of emissions come from: https://t.co/S8d3tH98nk #MastersofScaleSummit https://t.co/oOb77eqPnD",416,1945,['MastersofScaleSummit'],[],,,https://mobile.twitter.com,https://t.co/S8d3tH98nk
2022-10-20 03:21:43+00:00,The @Breakthrough Energy Summit is officially a wrap. Reaching net-zero emissions will be the hardest thing humanity has ever done ‚Äì but I‚Äôm leaving today with an increased sense of hope. https://t.co/7zxKbypNOS,106,985,[],['Breakthrough'],,,https://mobile.twitter.com,
2022-10-20 03:20:21+00:00,Literally. https://t.co/vorXxKoMlM,79,1094,[],[],,,https://mobile.twitter.com,
2022-10-20 03:20:20+00:00,Today was pretty special. I was able to get hands on with innovative climate tech that could help us reach net-zero. https://t.co/2yb7WylIH4,186,2571,[],[],,,https://mobile.twitter.com,
2022-10-19 21:21:36+00:00,"The Five Grand Challenges can help us consider more ways to develop comprehensive solutions and reduce global emissions. Thank you, Project Art Collective, for your creativity in bringing them to life. https://t.co/XEoMcTcds8",127,1421,[],[],,,https://mobile.twitter.com,
2022-10-19 21:19:13+00:00,"This is the ‚ÄúFOCUS‚Äù art installation on display at BE Summit. It cleverly represents the Five Grand Challenges ‚Äî Electricity, Manufacturing, Agriculture, Transportation, and Buildings. https://t.co/34vCLetEdD",66,637,[],[],,,http://twitter.com/download/iphone,
2022-10-19 21:00:05+00:00,"Grateful for your and @SecGranholm‚Äôs leadership. While we have made significant strides in climate innovation, we need more Breakthroughs. https://t.co/DlbE7bTkgz",80,680,[],['SecGranholm'],,,https://mobile.twitter.com,https://t.co/DlbE7bTkgz
2022-10-19 20:50:34+00:00,@JohnKerry @SecGranholm It‚Äôs unrealistic to expect people to stop traveling by plane. We must scale innovations that decarbonize the aviation industry. @LanzaJet will help us achieve this by building the world‚Äôs first plant for turning alcohol into sustainable aviation fuel. https://t.co/PMkbUl5i4Y,83,593,[],"['JohnKerry', 'SecGranholm', 'LanzaJet']",,,https://mobile.twitter.com,https://t.co/PMkbUl5i4Y
2022-10-19 14:06:28+00:00,"Yesterday was an important step toward a polio-free world: $2.6 billion committed will help protect millions of children. Thank you @SvenjaSchulze68, @Rotary, and the many other donors who pledged support. Let‚Äôs keep this momentum and #EndPolio together. https://t.co/GpHiiqiE1a",179,1207,['EndPolio'],"['SvenjaSchulze68', 'Rotary']",,,https://mobile.twitter.com,https://t.co/GpHiiqiE1a
2022-10-19 03:33:48+00:00,I‚Äôm leaving day 1 of #BESummit2022 feeling optimistic about the future after meeting with innovators who are developing the solutions we need to reach net-zero emissions. https://t.co/m0eSYkqcnP,75,949,['BESummit2022'],[],,,https://mobile.twitter.com,
2022-10-19 03:24:22+00:00,RT @Breakthrough: The first day of our #BESummit2022 addressed the state of the energy transition ‚Äì where we‚Äôve been and the Five Grand Cha‚Ä¶,78,0,['BESummit2022'],['Breakthrough'],,,https://mobile.twitter.com,
2022-10-18 20:29:24+00:00,@Breakthrough Kicking things off reviewing #BESummit2022 activities with @Breakthrough‚Äôs Executive Director Rodi Guidero ‚Äì here‚Äôs to a day full of learning and innovation. https://t.co/YAY0WZuDVv,113,1234,['BESummit2022'],"['Breakthrough', 'Breakthrough']",,,https://mobile.twitter.com,
2022-10-18 17:47:33+00:00,"@Breakthrough In the run-up to the meeting, I decided to write out my thoughts on the state of the transition to zero. https://t.co/u8vyjhoUHt",133,970,[],['Breakthrough'],,,https://mobile.twitter.com,https://t.co/u8vyjhoUHt
2022-10-18 17:45:58+00:00,"This week, @Breakthrough Energy is starting an annual tradition. We‚Äôre hosting a gathering in Seattle where scientists, inventors, entrepreneurs, public officials, and corporate leaders from around the world will talk about what it‚Äôs going to take to get to net-zero emissions.",68,653,[],['Breakthrough'],,,https://mobile.twitter.com,
2022-10-18 17:43:12+00:00,I believe we‚Äôll be able to avoid a climate disaster. The ultimate measure of success is global greenhouse-gas emissions: we need to go from 51 billion tons a year to 0 in the next three decades. I‚Äôm optimistic we can get there ‚Äì if we take the right steps. https://t.co/gy25a2P4sa,656,4337,[],[],,,https://mobile.twitter.com,
2022-10-17 23:01:28+00:00,"I‚Äôm bear-y honored to receive this adorable bear carrying such an urgent message: #EndPolio. As countries convene for the polio pledging moment, it‚Äôs vital they heed this bear‚Äôs message and commit to consigning polio to history. https://t.co/Ysr8n6LOTB",388,3319,['EndPolio'],[],,,https://mobile.twitter.com,
2022-10-17 17:29:12+00:00,"I loved learning about how @maltaenergysto1 is meeting clean global energy demands by unlocking access to a wealth of inexpensive, clean energy. https://t.co/yFzCF1Orph",151,1037,[],['maltaenergysto1'],,,https://mobile.twitter.com,
2022-10-16 23:01:46+00:00,"Last week, I sat down with Bloomberg @business to talk about why I remain so committed to eradicating polio. By coming together and funding efforts like the Global Polio Eradication Initiative, we can #EndPolio and build a healthier world. https://t.co/ziQgsz5JMn",221,1733,['EndPolio'],['business'],,,https://mobile.twitter.com,https://t.co/ziQgsz5JMn
2022-10-16 17:50:58+00:00,"RT @gatesfoundation: The world made a promise to #EndPolio for good. No one should live in fear of this preventable disease.

The Gates Fou‚Ä¶",189,0,['EndPolio'],['gatesfoundation'],,,https://mobile.twitter.com,
2022-10-15 18:03:30+00:00,"India's success against poliovirus showed the world that to #EndPolio, perseverance and collaboration are vital. @naveenthacker and over 1,300 leading global experts have urged the world to recommit to ending polio. https://t.co/hGRdb6u5NK",201,1527,['EndPolio'],['naveenthacker'],,,https://mobile.twitter.com,https://t.co/hGRdb6u5NK
2022-10-14 19:15:55+00:00,The recent case of polio in New York is a reminder that polio anywhere is a threat everywhere. It's vital for the world to not lose sight of our goal to #EndPolio for good. https://t.co/gymrZXjPYA,328,2285,['EndPolio'],[],,,https://studio.twitter.com,
2022-10-14 16:58:39+00:00,This is great news. Dr. Rajiv Bahl‚Äôs commitment to child and maternal health is exemplary. Congratulations on this appointment. https://t.co/pgYprMFYKw,111,945,[],[],,,https://mobile.twitter.com,https://t.co/pgYprMFYKw
2022-10-13 19:27:07+00:00,I loved learning about exciting research underway at @jaramillogroup to convert water and carbon dioxide into fuels and fertilizer: https://t.co/cuJAVHK7zT https://t.co/p6Lk4yuAbe,196,1571,[],['jaramillogroup'],,,https://studio.twitter.com,https://t.co/cuJAVHK7zT
2022-10-12 22:44:15+00:00,It‚Äôs hard for even the most promising low-carbon technologies to make it all the way to market. The @Breakthrough Energy Fellows program empowers early-stage innovators like @Molten_Ind to grow from their garage and deliver the solutions the world needs to get to zero emissions. https://t.co/0I7vDoQSnl,146,1017,[],"['Breakthrough', 'Molten_Ind']",,,https://mobile.twitter.com,https://t.co/0I7vDoQSnl
2022-10-09 22:31:36+00:00,"Progress in health, climate, and education is driven by impatient optimists. Great read by @_HannahRitchie. https://t.co/hgpAYKUEni",284,1821,[],['_HannahRitchie'],,,https://mobile.twitter.com,https://t.co/hgpAYKUEni
2022-10-06 17:35:00+00:00,I was blown away by the creativity and ingenuity at @stanforddoerr to meet the energy and sustainability challenges of today and the future. https://t.co/aEeHDO9ADS,186,1156,[],['stanforddoerr'],,,https://mobile.twitter.com,https://t.co/aEeHDO9ADS
2022-10-05 19:22:59+00:00,"The @Breakthrough Fellows program supports brilliant scientists working on early-stage climate technologies. Last week, I got to meet the second cohort of fellows and learn about the work they're doing to help the world achieve net-zero emissions. https://t.co/vFJBMQn06R",194,1562,[],['Breakthrough'],,,https://mobile.twitter.com,
2022-10-05 16:27:53+00:00,"This #WorldTeachersDay, I‚Äôm thinking about Mrs. Caffiere. She was the school librarian at Seattle‚Äôs View Ridge Elementary. When I was 9 years old, she took me under her wing and taught me that my love of reading was a strength. To this day, I think about how she changed my life. https://t.co/oucGBP7n0L",249,2474,['WorldTeachersDay'],[],,,https://mobile.twitter.com,
2022-10-04 23:45:24+00:00,"After my visit to the @stanforddoerr school of sustainability, I‚Äôm even more optimistic that we can develop breakthroughs that will transform our global economy, our lives, and our planet for the better: https://t.co/aILfplXPZQ https://t.co/UzcAj4cTNx",283,1875,[],['stanforddoerr'],,,https://studio.twitter.com,https://t.co/aILfplXPZQ
2022-10-03 18:04:05+00:00,I was truly lucky to know Ric Weiland. He was an incredible programmer and an exceptional individual. https://t.co/tkkrpwVUwk,135,1383,[],[],,,https://mobile.twitter.com,https://t.co/tkkrpwVUwk
2022-10-01 18:50:19+00:00,"Over the years, I‚Äôve come to know Bono as an incredible storyteller and friend. I‚Äôm excited for the world to see him the same way. https://t.co/H00SFP8D3Y",176,1454,[],[],,,https://mobile.twitter.com,https://t.co/H00SFP8D3Y
2022-09-30 23:25:27+00:00,"Thanks for dedicating your career to keeping the world informed, @edyong209. I hope you have a restful sabbatical.",78,857,[],['edyong209'],,,https://mobile.twitter.com,
2022-09-30 23:25:26+00:00,"The world can end this pandemic while also preventing the next. As @edyong209 shares, ""such changes seem unrealistic given the relentless disappointments of the past three years, but substantial social progress always seems unfeasible until it is actually achieved."" https://t.co/Y0l1vcYbfl",175,1309,[],['edyong209'],,,https://mobile.twitter.com,https://t.co/Y0l1vcYbfl
2022-09-30 19:57:24+00:00,A moving story about the universal power of books. https://t.co/fRu9LXRlgf,187,1505,[],[],,,https://mobile.twitter.com,https://t.co/fRu9LXRlgf
2022-09-30 04:40:09+00:00,Congratulations @Trevornoah on the incredible run. I always enjoy the fun conversations and especially loved playing tennis with you in Cape Town. I know you‚Äôve only just begun and can‚Äôt wait to see what you do next. https://t.co/qNRmpjCQLO,1991,12736,[],['Trevornoah'],,,https://mobile.twitter.com,https://t.co/qNRmpjCQLO
2022-09-29 16:57:54+00:00,"Very fun to learn more about the new youth world champion of my favorite pastime. Here‚Äôs a belated congratulations, Anshul Bhatt! https://t.co/5OpkmTqhIm",185,1823,[],[],,,https://mobile.twitter.com,https://t.co/5OpkmTqhIm
2022-09-28 21:46:50+00:00,"Leaders like @wiiiiza make me optimistic for our future. Earlier this year, I had the opportunity to meet Farwiza and was so impressed by her work protecting the Leuser ecosystem in Indonesia. https://t.co/hKYXdnPbcm",263,1553,[],['wiiiiza'],,,https://mobile.twitter.com,https://t.co/hKYXdnPbcm
2022-09-22 21:56:22+00:00,"Thanks for bringing levity to such a serious issue yesterday, @kalpenn. I learned a lot from @noupside and @govindethiraj about how we can be better consumers of information and rebuild trust in institutions. https://t.co/ebgmpwbZJU",246,1765,[],"['kalpenn', 'noUpside', 'govindethiraj']",,,https://mobile.twitter.com,
2022-09-22 21:11:23+00:00,@UlrichJvV @gatesfoundation @GatesAfrica I think everyone was thankful I wasn't the lead chef. I'll be thinking of @ChefPierreThiam's salad and conversation for days.,5,47,[],"['UlrichJvV', 'gatesfoundation', 'GatesAfrica', 'ChefPierreThiam']",,,https://mobile.twitter.com,
2022-09-22 02:26:15+00:00,"RT @gatesfoundation: In a historic show of global solidarity, donors raised over $14.25 billion for the @GlobalFund. 
 
These funds will sp‚Ä¶",170,0,[],"['gatesfoundation', 'GlobalFund']",,,https://mobile.twitter.com,
2022-09-22 00:47:13+00:00,RT @gatesfoundation: .@billgates has the juice. #corn #Goalkeepers2030 https://t.co/FDpvXD7dI8,179,0,"['corn', 'Goalkeepers2030']","['gatesfoundation', 'BillGates']",,,https://mobile.twitter.com,
2022-09-22 00:46:46+00:00,RT @ThokoPooley: Inspiring to hear President @mohamedbazoum speak so compellingly about why keeping girls in school longer is a priority in‚Ä¶,74,0,[],"['ThokoPooley', 'mohamedbazoum']",,,https://mobile.twitter.com,
2022-09-22 00:26:42+00:00,"#Goalkeepers2030 was filled with laughter, impactful storytelling, and innovative ideas that left me feeling inspired. https://t.co/GllXLALz4O",166,1757,['Goalkeepers2030'],[],,,https://mobile.twitter.com,
2022-09-21 21:51:37+00:00,"This month, we‚Äôre committing $912 million to help replenish the Global Fund through 2026 to expand access to health services around the world and build resilient health systems to prevent future pandemics in the #FightForWhatCounts. https://t.co/SJhgfN0y7t",125,1241,['FightForWhatCounts'],[],,,https://mobile.twitter.com,https://t.co/SJhgfN0y7t
2022-09-21 21:51:37+00:00,"I‚Äôve long said that the @GlobalFund is one of the kindest things people have ever done for one another. It‚Äôs also one of the most effective. Programs supported by the Global Fund have reduced the death toll from AIDS, TB, and malaria by 50%, saving more than 50M lives.",223,1758,[],['GlobalFund'],,,https://mobile.twitter.com,
2022-09-21 19:06:42+00:00,"It was an honor to see you this morning. Supporting @globalfund builds a healthier, safer world ‚Äì it‚Äôs the kindest thing we can do for one another. https://t.co/BXPOFw6Dzt",128,989,[],['GlobalFund'],,,https://mobile.twitter.com,https://t.co/BXPOFw6Dzt
2022-09-21 11:47:43+00:00,What a night. It‚Äôs rare to have so many heroes in one place. #Goalkeepers2030 https://t.co/tvUggVtbBW,231,2838,['Goalkeepers2030'],[],,,https://mobile.twitter.com,
2022-09-20 19:45:49+00:00,I had a chance to connect with @ClimateEnvoy John Kerry to kick off #ClimateWeekNYC. We‚Äôre both optimistic about recent momentum to accelerate the clean energy transition. https://t.co/NcY06cc56M,245,2543,['ClimateWeekNYC'],['ClimateEnvoy'],,,https://mobile.twitter.com,
2022-09-20 19:12:43+00:00,"One of my favorite things about Bono is that he loves a good surprise. We had the chance to ‚Äúphotobomb‚Äù @ONEinAmerica activists, hear their @GlobalFund campaign stories, and share the latest progress in malaria research. #FightForWhatCounts https://t.co/jgGxRW5GSi",182,1454,['FightForWhatCounts'],"['ONEinAmerica', 'GlobalFund']",,,https://mobile.twitter.com,
2022-09-20 15:53:00+00:00,"For the first time since 2019, the Goalkeepers community is coming together in person. I‚Äôm excited to spend time with them and hear about their innovative work to drive progress. #Goalkeepers2030 https://t.co/u8QBxRnXeX",147,1318,['Goalkeepers2030'],[],,,https://mobile.twitter.com,https://t.co/u8QBxRnXeX
2022-09-19 21:28:33+00:00,"RT @JMDBarroso: Amidst backsliding on the #SDGs in the past two years, this interview with @BillGates is an optimistic reminder that the mo‚Ä¶",88,0,['SDGs'],"['JMDBarroso', 'BillGates']",,,https://mobile.twitter.com,
2022-09-15 22:57:38+00:00,Congratulations on a phenomenal career. Time to celebrate! https://t.co/nrjRTFabtV,340,3637,[],[],,,https://mobile.twitter.com,
2022-09-15 22:56:22+00:00,You've been an incredible friend to me and an inspiration to an entire generation of tennis players. I'm lucky to have seen you work your magic on the court many times. And I'm excited to watch your philanthropic work grow in this next phase of your life. https://t.co/lAWC14Ho1B,504,4504,[],[],,,https://mobile.twitter.com,https://t.co/lAWC14Ho1B
2022-09-15 19:32:29+00:00,New ways to prevent and treat malaria are within reach. They‚Äôll make it possible‚Äîwith the right funding and commitment‚Äîto end malaria. https://t.co/RfsEYuzyCs,87,725,[],[],,,https://mobile.twitter.com,
2022-09-15 19:32:29+00:00,Providing aid to hungry communities is essential‚Äîbut it‚Äôs not enough to end food insecurity. We also need innovation to create self-sustaining food systems. https://t.co/F2HYyiXhYA,100,822,[],[],,,https://mobile.twitter.com,
2022-09-15 19:32:28+00:00,"Economic inequality is one of the biggest barriers to gender equality. True equality depends not only on a woman‚Äôs ability to access money, but also on her ability to fully control it. https://t.co/Bd5V1kTZAx",35,290,[],[],,,https://mobile.twitter.com,
2022-09-15 19:32:28+00:00,"Seven years ago, world leaders agreed to 17 ambitious goals to reduce inequality by 2030. The 2022 Goalkeepers report is an essential update on the progress. #Goalkeepers2030 https://t.co/LhoIfyZrxQ",204,1363,['Goalkeepers2030'],[],,,https://mobile.twitter.com,https://t.co/LhoIfyZrxQ
2022-09-14 15:54:48+00:00,hint: it has the juice,145,1904,[],[],,,https://mobile.twitter.com,
2022-09-14 15:54:35+00:00,"Which crop that is highly sensitive to climate change accounts for around 30% of all the calories people in sub-Saharan Africa eat? 

You can find the answer here: https://t.co/LhoIfyZrxQ",184,1337,[],[],,,https://mobile.twitter.com,https://t.co/LhoIfyZrxQ
2022-09-13 21:41:41+00:00,We are at a turning point in the world‚Äôs progress on some of the most fundamental challenges facing humanity. Here‚Äôs what world leaders need to do to ensure a better future. #Goalkeepers2030 https://t.co/LhoIfyZrxQ,220,1592,['Goalkeepers2030'],[],,,https://mobile.twitter.com,https://t.co/LhoIfyZrxQ
2022-09-12 21:06:52+00:00,There are so many reasons to be hopeful. Innovations that reduce the burden of disease on children are just some of the many that keep me optimistic. https://t.co/jRSjceEhOb,213,1745,[],[],,,https://mobile.twitter.com,https://t.co/jRSjceEhOb
2022-09-12 17:20:31+00:00,"This is great. New Jersey is setting a new standard by taking climate curriculum one step further ‚Äì not just telling students what‚Äôs happening, but also asking them what the world can do about it. https://t.co/bwmjVKXbKn",230,1758,[],[],,,https://mobile.twitter.com,https://t.co/bwmjVKXbKn
2022-09-12 00:48:56+00:00,Pneumonia is the leading cause of death in children under 5. Inventprise is working to change that: https://t.co/jRSjceEhOb https://t.co/ePrWNxUC08,289,2467,[],[],,,https://mobile.twitter.com,https://t.co/jRSjceEhOb
2022-09-08 18:18:20+00:00,"I feel honored to have met HM Queen Elizabeth, and I am very sad to hear of her passing. My deepest condolences to the Royal Family and the British people. https://t.co/fPbpAt5ILv",894,12667,[],[],,,https://mobile.twitter.com,https://t.co/fPbpAt5ILv
2022-09-08 16:14:57+00:00,"Germany is a leading voice in the fight against HIV, TB, and malaria. Once again, they're stepping up by increasing their pledge to the @GlobalFund. Germany's commitment to the #FightForWhatCounts will help save millions of lives. https://t.co/2VjMUuDZZC",220,1616,['FightForWhatCounts'],['GlobalFund'],,,https://mobile.twitter.com,https://t.co/2VjMUuDZZC
2022-09-07 16:47:20+00:00,I love learning about the brain. Here‚Äôs cool research on the brain's GPS. https://t.co/xTfACQo6T8,357,2540,[],[],,,https://mobile.twitter.com,https://t.co/xTfACQo6T8
2022-09-06 21:46:11+00:00,This is the toughest question I‚Äôve ever had to answer: https://t.co/IavkgCqAyI https://t.co/zWSO9I82CU,459,2946,[],[],,,https://mobile.twitter.com,https://t.co/IavkgCqAyI
2022-09-03 03:27:26+00:00,What a run. @serenawilliams will be leaving behind an extraordinary tennis career that challenged the double standard between male and female players. I look forward to watching her continue building her amazing legacy off the court. https://t.co/K9Hxa2jB3I,556,4954,[],['serenawilliams'],,,https://mobile.twitter.com,https://t.co/K9Hxa2jB3I
2022-09-02 20:20:47+00:00,This Nerd(le)‚Äôs day was just made. https://t.co/xObbTtT7Ia,193,1375,[],[],,,https://mobile.twitter.com,https://t.co/xObbTtT7Ia
2022-09-01 17:08:43+00:00,Interesting research on public perception of climate change. https://t.co/Ut7hWPDuaM,278,1981,[],[],,,https://mobile.twitter.com,https://t.co/Ut7hWPDuaM
2022-09-01 14:37:34+00:00,"If you‚Äôve played Wordle, you know how important your first guess is. Here‚Äôs my strategy: https://t.co/Ib2QnrNlN2 https://t.co/6lr48HYmnd",233,2118,[],[],,,https://mobile.twitter.com,https://t.co/Ib2QnrNlN2
2022-08-30 20:00:07+00:00,Here‚Äôs how I‚Äôve started every day since February. #Wordle https://t.co/8auJgykTqa https://t.co/17cb9SiBu8,348,3076,['Wordle'],[],,,https://mobile.twitter.com,https://t.co/8auJgykTqa
2022-08-30 16:42:49+00:00,Life is more fun when you have a friend like Warren. Happy 92nd birthday! https://t.co/aTxxMk2iyL,1199,16771,[],[],,,https://mobile.twitter.com,
2022-08-28 21:16:47+00:00,Summer‚Äôs almost over. If you have time to sneak  in another book or two ‚Äì here are a few I recommend. https://t.co/dA8NvE354P,473,3901,[],[],,,https://mobile.twitter.com,https://t.co/dA8NvE354P
2022-08-27 15:49:01+00:00,"We‚Äôre so grateful for Japan‚Äôs generosity. We all have a part to play in the #FightForWhatCounts: ending AIDS, tuberculosis, and malaria and building resilient health systems that will keep us safe from future pandemics. https://t.co/1stigbWdFI",251,1692,['FightForWhatCounts'],[],,,https://mobile.twitter.com,https://t.co/1stigbWdFI
2022-08-26 16:59:58+00:00,Interesting findings from @zearned on how to tackle learning disruptions from COVID-19 and help all kids move forward in their math learning. https://t.co/kjthRco0bl,134,1113,[],['zearned'],,,https://mobile.twitter.com,https://t.co/kjthRco0bl
2022-08-25 20:49:26+00:00,It‚Äôs encouraging that there‚Äôs more public support for taking big steps to avoid a climate disaster than ever before. My book suggests a lot of ideas ‚Äì and it‚Äôs now available in paperback: https://t.co/PpoWh22buC https://t.co/Un1BME9sst,283,2016,[],[],,,https://mobile.twitter.com,https://t.co/PpoWh22buC
2022-08-25 16:51:30+00:00,It‚Äôs easy to forget how scary polio was in the United States and around the world. This is a powerful reminder. https://t.co/P22TxXJEW4,286,1919,[],[],,,https://mobile.twitter.com,https://t.co/P22TxXJEW4
2022-08-24 18:41:32+00:00,Damaris Matoke-Muhia is changing the fight against malaria and gender inequity. And her personal story is phenomenal. https://t.co/gxlrlkex08,267,1335,[],[],,,https://mobile.twitter.com,https://t.co/gxlrlkex08
2022-08-23 21:24:40+00:00,I cannot agree with @Dr_HamidJafari more: women vaccinators are vitally important in reaching every last child with polio vaccines. Thank you to @JenJonesRotary and everyone in the @Rotary  community for continuing to support the effort to #EndPolio for good. https://t.co/48Hg6hAYO3,216,1163,['EndPolio'],"['Dr_HamidJafari', 'JenJonesRotary', 'Rotary']",,,https://mobile.twitter.com,https://t.co/48Hg6hAYO3
2022-08-23 18:51:10+00:00,"Last year, I laid out a plan for eliminating greenhouse gas emissions. This year, there‚Äôs more momentum than ever before. How to Avoid a Climate Disaster is now available in paperback. https://t.co/fjpNytx2AA",248,1711,[],[],,,https://mobile.twitter.com,https://t.co/fjpNytx2AA
2022-08-23 16:20:16+00:00,"In the past 16 years the world has made immense strides in protecting children from life-threatening diarrhea. Today, I congratulate Nigeria on introducing this vaccine, which will protect generations of Nigerian children. https://t.co/3Z2UK38bqo",182,1497,[],[],,,https://mobile.twitter.com,https://t.co/3Z2UK38bqo
2022-08-22 23:00:20+00:00,"Tony, you were an amazing public servant long before COVID-19 struck ‚Äì and now you are a hero to millions of people, including me. https://t.co/aZVk1gqPvk",326,3333,[],[],,,https://mobile.twitter.com,https://t.co/aZVk1gqPvk
2022-08-21 20:53:53+00:00,"Years ago, the idea of using mosquitoes as an ally in the fight against diseases sounded crazy. But as @ScottLOneill of @WMPglobal explains, this innovative solution has already saved lives around the world. https://t.co/19iMfLrLxB",278,1517,[],"['ScottLOneill', 'WMPglobal']",,,https://mobile.twitter.com,https://t.co/19iMfLrLxB
2022-08-19 23:30:57+00:00,"I‚Äôm at my happiest when I‚Äôm learning ‚Äì no matter how gross the subject matter. Today, I experienced the Meguro Parasitological Museum in Tokyo, and saw what is believed to be the world‚Äôs longest tapeworm. 10/10 would visit again. https://t.co/pMsHSswSBM",7512,22335,[],[],,,https://mobile.twitter.com,
2022-08-19 16:57:19+00:00,"I am honored to receive this award. Thank you, Foreign Minister Hayashi. https://t.co/N3qhnlrG2r",218,2111,[],[],,,https://mobile.twitter.com,https://t.co/N3qhnlrG2r
2022-08-19 03:49:51+00:00,@KatsunobuKato1 @hfa_jp @polipoli_vote Thank you for the great conversation about health and development. I appreciate your leadership and I‚Äôm impressed by the passion these young leaders have for global health. Arigatou gozaimasu.,32,133,[],"['KatsunobuKato1', 'hfa_jp', 'polipoli_vote']",,,https://mobile.twitter.com,
2022-08-18 21:41:49+00:00,Thank you to the global health champions in Japan for your commitment to saving lives around the world. We must keep up the fight to make sure preventable emergencies never again derail our common pursuit of a better future. https://t.co/b6E5rX93ZX,262,1922,[],[],,,https://mobile.twitter.com,
2022-08-18 17:40:13+00:00,"Inside a two-story brick building in Medell√≠n, Colombia, scientists work long hours in muggy labs breeding millions and millions of mosquitoes: https://t.co/xuKx5VBzad https://t.co/NkyVtkiNiO",526,1833,[],[],,,https://mobile.twitter.com,https://t.co/xuKx5VBzad
2022-08-18 13:29:54+00:00,"I‚Äôm excited that Dr. Helene Gayle and Ashish Dhawan have decided to join the @gatesfoundation‚Äôs board: https://t.co/SAiOZBLB0X. They have been great partners to the foundation over the years‚Äîand in Helene‚Äôs case, a fantastic leader there. I‚Äôm looking forward to working with them. https://t.co/qY9XvjpX03",114,1065,[],['gatesfoundation'],,,https://mobile.twitter.com,https://t.co/SAiOZBLB0X
2022-08-17 17:12:25+00:00,"Eradicating #malaria will be even harder following the COVID-19 pandemic. Thankfully, there are exciting innovations to eliminate malaria for good: https://t.co/eT3MTJpM3R https://t.co/ReEqL7WXF2",349,2048,['malaria'],[],,,https://mobile.twitter.com,https://t.co/eT3MTJpM3R
2022-08-17 00:02:23+00:00,"Thank you, President Yoon, for your leadership in global health. I look forward to our continued partnership to reduce the burden of disease. https://t.co/ejFalbRJ7q",278,3106,[],[],,,https://mobile.twitter.com,
2022-08-16 20:49:43+00:00,Mosquitoes need sugar more often than they need blood ‚Äì it‚Äôs their Achilles heel: https://t.co/hwGKTPSDjH https://t.co/NfJJY36MTx,850,4058,[],[],,,https://studio.twitter.com,https://t.co/hwGKTPSDjH
2022-08-15 17:45:39+00:00,It's here: https://t.co/qUxvtSixPZ https://t.co/cvTW9P8xfM,275,1546,[],[],,,https://studio.twitter.com,https://t.co/qUxvtSixPZ
2022-08-15 02:24:48+00:00,"As India celebrates its 75th Independence Day, I congratulate @narendramodi for prioritizing healthcare and digital transformation while spearheading India‚Äôs development. India's progress in these sectors is inspiring and we are fortunate to partner in this journey #AmritMahotsav",2414,20887,['AmritMahotsav'],['narendramodi'],,,https://mobile.twitter.com,
2022-08-12 22:08:19+00:00,"While our fight against climate change is far from over, I‚Äôm more optimistic than ever that by working together, we can make a net-zero future of abundant, affordable, and clean energy a reality to people everywhere.",145,1620,[],[],,,https://mobile.twitter.com,
2022-08-12 22:08:18+00:00,"This $369 billion investment will spark innovation, drive job creation, and reduce energy prices and emissions. It sets a clear example of what serious climate action looks like.",185,1725,[],[],,,https://mobile.twitter.com,
2022-08-12 22:08:17+00:00,The Inflation Reduction Act‚Äôs passage through Congress is nothing short of extraordinary. The United States is taking a historic step towards the clean energy economy we need to meet our climate goals.,364,3313,[],[],,,https://mobile.twitter.com,
2022-08-12 16:50:24+00:00,"In the past decade, @OERProject has reached more than 1 million students and 20,000 teachers around the world. Here‚Äôs a look at the team‚Äôs new three-week course on climate: https://t.co/2BizQyNLHA https://t.co/htkH7WB3cZ",150,981,[],['OERProject'],,,https://studio.twitter.com,https://t.co/2BizQyNLHA
2022-08-11 17:22:22+00:00,"Prime Minister Shinzo Abe understood that improving health is not only the right thing to do, it also makes the world safer and more prosperous. https://t.co/TH5hTlXtyP",590,3141,[],[],,,https://mobile.twitter.com,https://t.co/TH5hTlXtyP
2022-08-10 18:00:06+00:00,"Wow, I‚Äôm blown away by your support. https://t.co/uA8a0YeNu2",169,1410,[],[],,,https://mobile.twitter.com,https://t.co/uA8a0YeNu2
2022-08-10 16:53:18+00:00,"‚ÄúOutbreaks are inevitable, but pandemics are optional.‚Äù ‚Äì @larrybrilliant

This @OERProject video gives you a glimpse of how Big History is helping students connect the present to the past: https://t.co/jhTxM3rrh0 https://t.co/smDpoaDYPB",132,892,[],"['larrybrilliant', 'OERProject']",,,https://studio.twitter.com,https://t.co/jhTxM3rrh0
2022-08-09 21:40:32+00:00,"If you want to help teachers and students in the U.S., it‚Äôs hard to do better than giving through @DonorsChoose ‚Äî and you won‚Äôt find a better time to do it than now. I‚Äôm giving a 50% boost for every donation to DonorsChoose today. https://t.co/XGUknZcrVk https://t.co/yPfdH4A5Ax",162,1031,[],['DonorsChoose'],,,https://mobile.twitter.com,https://t.co/XGUknZcrVk
2022-08-09 14:46:43+00:00,Teachers deserve our thanks ‚Äì and support. I‚Äôm partnering with @DonorsChoose and boosting all donations today by 50% to help students get back to learning! https://t.co/XGUknYVoTk https://t.co/1DJFW82cOp,280,1840,[],['DonorsChoose'],,,https://mobile.twitter.com,https://t.co/XGUknYVoTk
2022-08-08 23:01:59+00:00,"News that polio has been detected in New York wastewater samples is an urgent reminder: until we #EndPolio for good, it remains a threat to us all. The global eradication strategy must be fully supported to protect people everywhere. https://t.co/qlnBofe9RL",236,1396,['EndPolio'],[],,,https://mobile.twitter.com,https://t.co/qlnBofe9RL
2022-08-06 15:37:59+00:00,"Solving climate change is the hardest challenge humanity has ever faced but this would be a historic step forward. It represents our best chance to build an energy future in America that is cleaner, cheaper, and more secure. Let‚Äôs get it done. https://t.co/ldDyOApDg2",331,2333,[],[],,,https://mobile.twitter.com,https://t.co/ldDyOApDg2
2022-08-05 18:52:22+00:00,"I've long admired his courage to ask tough questions and answer them in a way that is direct and entertaining. John‚Äôs new project, working to support maternal health, is worth checking out. https://t.co/66oHb8kPcF",79,882,[],[],,,https://mobile.twitter.com,https://t.co/66oHb8kPcF
2022-08-05 18:52:21+00:00,"I never thought of fighting poverty and disease as decreasing ‚Äúworld suck‚Äù and increasing awesome, but during our trip to Africa, @johngreen convinced me that it‚Äôs as good a description as any other. https://t.co/65dHI6glUd",215,2427,[],['johngreen'],,,https://mobile.twitter.com,
2022-08-05 17:00:50+00:00,We cannot look away from the impact climate change is already having on the most vulnerable. https://t.co/ouUtbcK0Mq,201,1507,[],[],,,https://mobile.twitter.com,https://t.co/ouUtbcK0Mq
2022-08-04 18:55:29+00:00,Jerad taught me how to make my own deerskin medicine bag while he explained the deeper meaning behind a Native tradition that goes back thousands of years. https://t.co/eJ2hN4IdaV,154,1318,[],[],,,https://mobile.twitter.com,
2022-08-03 17:47:18+00:00,RT @MargotTBrown: It‚Äôs more important than ever that we understand how climate change will worsen existing health disparities. That‚Äôs why I‚Ä¶,93,0,[],['MargotTBrown'],,,https://mobile.twitter.com,
2022-08-03 17:03:21+00:00,Jerad Koepp is the first Native educator to receive the Washington State Teacher of the Year award. I hope you‚Äôre as inspired by his work as I am. https://t.co/ea56uzvu2s,228,1928,[],[],,,https://mobile.twitter.com,https://t.co/ea56uzvu2s
2022-08-02 22:26:18+00:00,RT @Breakthrough: The Inflation Reduction Act of 2022 is a historic step that will move the U.S. closer to its climate and energy security‚Ä¶,117,0,[],['Breakthrough'],,,https://mobile.twitter.com,
2022-08-02 19:35:28+00:00,There‚Äôs never been a more important time to support teachers. @OERProject's goal is to empower them with free innovative curriculum and teaching tools: https://t.co/oGUPcZyNA8 https://t.co/o1ZcJ23cbb,143,1066,[],['OERProject'],,,https://studio.twitter.com,https://t.co/oGUPcZyNA8
2022-08-01 19:15:19+00:00,I‚Äôm inspired by Jerad‚Äôs commitment to helping Native students embrace their culture and make the most of their talents. #backtoschool https://t.co/AUeEcMdEXd,173,1342,['backtoschool'],[],,,https://studio.twitter.com,
2022-07-31 21:03:15+00:00,"Win or lose, I can‚Äôt think of a better way to spend a summer day than as a Pickler. https://t.co/0tld8ACX9n",231,2046,[],[],,,https://mobile.twitter.com,https://t.co/0tld8ACX9n
2022-07-30 20:33:53+00:00,Spending time with my best friend Warren never gets old. I‚Äôd flip Blizzards with you any day. https://t.co/f2xjQJ0lJz,480,7183,[],[],,,https://mobile.twitter.com,
2022-07-29 17:42:05+00:00,"During #AIDS2022, we're celebrating @GlobalFund partnerships that have helped cut AIDS-related deaths by 65%. But the fight isn‚Äôt over. Investing in the Global Fund can help save 20 million more lives by 2026 and help prevent the next pandemic. https://t.co/56BpasJQpN",202,1336,['AIDS2022'],['GlobalFund'],,,https://mobile.twitter.com,https://t.co/56BpasJQpN
2022-07-28 19:24:28+00:00,We're announcing the second phase of @TheADDF‚Äôs diagnostics accelerator. I‚Äôm hopeful that this new phase will make advances that help change the course of Alzheimer‚Äôs. https://t.co/VwsdNDsBDf,167,1245,[],['TheADDF'],,,https://mobile.twitter.com,https://t.co/VwsdNDsBDf
2022-07-28 15:42:20+00:00,"Now, we need Congress to act quickly. I‚Äôm optimistic the U.S. can deliver on a clean energy future, but there‚Äôs no time to waste.",107,1301,[],[],,,https://mobile.twitter.com,
2022-07-28 15:42:19+00:00,Really excited to see Senators Schumer and Manchin come together in what could be a historic step forward for the climate. https://t.co/7QLZxmrybA,226,1791,[],[],,,https://mobile.twitter.com,https://t.co/7QLZxmrybA
2022-07-26 19:07:31+00:00,.@BenJohns_pb any tips for my form?,92,1106,[],['BenJohns_pb'],,,https://mobile.twitter.com,
2022-07-26 19:06:32+00:00,"Fifty years ago, I started playing this little-known sport with a funny name. Now it‚Äôs all the rage. https://t.co/arQqmcZsly",436,3849,[],[],,,https://studio.twitter.com,
2022-07-25 03:08:36+00:00,"Hey @Discovery, sharks are cool, but mosquitoes are deadly. Did you know mosquitoes kill more people in one day than sharks kill in 100 years? https://t.co/bxht8BA1rn",742,4565,[],['Discovery'],,,https://mobile.twitter.com,https://t.co/bxht8BA1rn
2022-07-22 15:50:27+00:00,"From Malawi to the United States, new cases of polio are a reminder that until we #EndPolio for good, it remains a threat to all of us. https://t.co/NbkqNQezgU",288,1931,['EndPolio'],[],,,https://mobile.twitter.com,https://t.co/NbkqNQezgU
2022-07-21 17:57:27+00:00,"This is heartbreaking. The world had made so much progress before COVID. There‚Äôs a lot of work ahead to get back to, and eventually exceed, pre-pandemic vaccination levels. https://t.co/2TVuypQjod",289,1866,[],[],,,https://mobile.twitter.com,https://t.co/2TVuypQjod
2022-07-19 18:34:15+00:00,Congratulations @narendramodi for yet another milestone of administering #200crorevaccinations. We are grateful for our continued partnership with Indian vaccine manufacturers and the Indian government for mitigating the impact of COVID19.  https://t.co/YeGUPsveL0,2835,19040,['200crorevaccinations'],['narendramodi'],,,https://mobile.twitter.com,https://t.co/YeGUPsveL0
2022-07-18 03:13:38+00:00,"Mr. Mandela exemplified how we can fight for progress, diminish stigmas, and spread hope. He played a crucial role in the progress we have made so far against HIV/AIDs. I will never forget the example that he set.",168,2058,[],[],,,https://mobile.twitter.com,
2022-07-18 03:13:37+00:00,"This is one of my favorite photos ever. My dad, Mr. Mandela, and President Jimmy Carter hold infants born with HIV to dismiss the fear and stigma around touching people who live with the disease. https://t.co/uD91AEVHsf",325,4069,[],[],,,https://mobile.twitter.com,
2022-07-18 03:13:37+00:00,Nelson Mandela's legacy lives on as a reminder that it‚Äôs possible to solve big challenges. I admired President Mandela for his courage to stand against apartheid and I came to know him personally for the fight against HIV/AIDs. https://t.co/fKs32VFiRI,533,5602,[],[],,,https://mobile.twitter.com,
2022-07-16 22:18:06+00:00,Who better to recruit the next generation of clean tech innovators than Iron Man? https://t.co/QExn0CaLis,399,3779,[],[],,,https://mobile.twitter.com,https://t.co/QExn0CaLis
2022-07-14 18:09:57+00:00,"If we had stopped the COVID pandemic in less than 100 days, we could‚Äôve saved over 98% of the lives lost. Here‚Äôs how we can prevent it from happening again: https://t.co/qsZHVFUi6d https://t.co/iMQNjqcZur",739,4999,[],[],,,https://mobile.twitter.com,https://t.co/qsZHVFUi6d
2022-07-13 15:03:59+00:00,I have an obligation to return my resources to society in ways that have the greatest impact for reducing suffering and improving lives. And I hope others in positions of great wealth and privilege will step up in this moment too.,1474,11476,[],[],,,https://mobile.twitter.com,
2022-07-13 15:03:58+00:00,"As I look to the future, I plan to give virtually all of my wealth to the foundation. I will move down and eventually off of the list of the world‚Äôs richest people.",1828,11981,[],[],,,https://mobile.twitter.com,
